{
  "train_loss": [
    0.1706692097689659,
    0.092026649600541,
    0.06285830932914,
    0.04184383992359166,
    0.02889225031452403,
    0.01813479929135812,
    0.013509727564384112,
    0.008437288270878154,
    0.01416100436778843,
    0.01209383815796479
  ],
  "train_acc": [
    0.9370464441219158,
    0.967343976777939,
    0.9766418722786647,
    0.98480587808418,
    0.9895228592162555,
    0.9937862844702468,
    0.995555152394775,
    0.9971879535558781,
    0.9951015965166908,
    0.9959633526850508
  ],
  "test_loss": [
    0.11935840477852554,
    0.11607179345221626,
    0.12448370031431019,
    0.13301134986224875,
    0.14846459327646136,
    0.16489878635990438,
    0.16242434381799536,
    0.18480109871301773,
    0.17708310508552708,
    0.1714541530880161
  ],
  "test_acc": [
    0.9613430127041742,
    0.9606170598911071,
    0.9571687840290382,
    0.9577132486388384,
    0.9597096188747731,
    0.9578947368421052,
    0.9602540834845735,
    0.9593466424682395,
    0.9598911070780399,
    0.9620689655172414
  ]
}