{
  "train_loss": [
    0.17492616810553394,
    0.09486934287724975,
    0.06139347288035754,
    0.04345524108209019,
    0.025691670498267323,
    0.021666573573244162,
    0.016186852874883136,
    0.011270503669552078,
    0.009780120013797208,
    0.007206841205294193
  ],
  "train_acc": [
    0.934143686502177,
    0.9661647314949202,
    0.9785014513788098,
    0.9838080551523948,
    0.990883526850508,
    0.9926070391872278,
    0.9943305515239478,
    0.996099419448476,
    0.996643686502177,
    0.9976868650217707
  ],
  "test_loss": [
    0.11896486180832781,
    0.11513325896083687,
    0.11886453792599018,
    0.13669804394714824,
    0.13797792031766648,
    0.16096440853474495,
    0.16992126926703952,
    0.2015209584104885,
    0.18026607580297138,
    0.19589686807262552
  ],
  "test_acc": [
    0.958076225045372,
    0.9578947368421052,
    0.9638838475499093,
    0.9613430127041742,
    0.9618874773139746,
    0.9627949183303085,
    0.9607985480943738,
    0.9508166969147005,
    0.9588021778584392,
    0.9629764065335753
  ]
}